<?xml version="1.0" encoding="UTF-8" standalone="yes"?>
<addon id="plugin.video.manetv" name="ManeTv" version="1.0.0" provider-name="tommhe14">
    <requires>
        <import addon="xbmc.python" version="3.0.0"/>
        <import addon="script.module.requests" optional="true"/>
        <import addon="inputstream.adaptive" optional="true"/>
    </requires>
    
    <extension point="xbmc.python.pluginsource" library="default.py">
        <provides>video</provides>
    </extension>
    
    <extension point="xbmc.addon.metadata">
        <summary>IPTV Player</summary>
        <description>Watch Live TV, Movies.</description>
        <platform>all</platform>
        <language>en</language>
        <license>MIT</license>
        <forum></forum>
        <website></website>
        <source></source>
        <assets>
            <icon>icon.png</icon>
            <fanart>fanart.jpg</fanart>
            <screenshot>screenshot1.jpg</screenshot>
        </assets>
    </extension>
</addon>