<?xml version="1.0" encoding="UTF-8" standalone="yes" ?>
<addon id="plugin.video.maneflix" name="ManeFlix" version="1.0.0" provider-name="tommhe14">
    <requires>
        <import addon="xbmc.python" version="3.0.0"/>
        <import addon="script.module.requests" version="2.25.1"/>
        <import addon="script.module.inputstreamhelper" version="0.5.5"/>
        <import addon="script.module.six" version="1.16.0"/>
    </requires>
    <extension point="xbmc.python.pluginsource" library="addon.py">
        <provides>video</provides>
    </extension>
    <extension point="xbmc.addon.metadata">
        <summary lang="en">Movies & TV Shows</summary>
        <description lang="en">Stream thousands of movies and TV shows with subtitle support</description>
        <disclaimer lang="en">For educational purposes only</disclaimer>
        <platform>all</platform>
        <language>en</language>
        <license>GPL-2.0</license>
        <website></website>
        <source></source>
        <email></email>
        <assets>
            <icon>icon.png</icon>
            <fanart>fanart.jpg</fanart>
        </assets>
    </extension>
</addon>