<?xml version="1.0" encoding="UTF-8"?>
<addon id="plugin.video.stalker" version="1.0.0" name="stalker" provider-name="tommhe14">
    <requires>
        <import addon="xbmc.python" version="3.0.0"/>
        <import addon="script.module.requests" version="2.25.1"/>
        <import addon="inputstream.adaptive" version="2.6.0"/>
    </requires>
    
    <extension point="xbmc.python.pluginsource" library="addon.py">
        <provides>video</provides>
    </extension>

    <extension point="xbmc.addon.metadata">
        <summary>Stalker IPTV Player</summary>
        <description>Play Stalker portal streams in Kodi</description>
        <platform>all</platform>
        <language>en</language>
        <license>GPL v.3</license>
    </extension>
</addon>