{
  "channels": [
    {
      "name": "Fox Sports 501 FHD",
      "tvg-id": "FoxCricket.au",
      "tvg-logo": "https://external-content.duckduckgo.com/iu/?u=https://i.imgur.com/59gCbVd.png",
      "group-title": "A1xmedia AU Sports",
      "url": "https://a1xs.vip/700001"
    },
    {
      "name": "Fox Sports 502 FHD",
      "tvg-id": "FoxLeague.au",
      "tvg-logo": "https://external-content.duckduckgo.com/iu/?u=https://i.imgur.com/idKGREY.png",
      "group-title": "A1xmedia AU Sports",
      "url": "https://a1xs.vip/700002"
    },
    {
      "name": "Fox Sports 503 FHD",
      "tvg-id": "FoxSports503.au",
      "tvg-logo": "https://external-content.duckduckgo.com/iu/?u=https://i.imgur.com/5PUsSnn.png",
      "group-title": "A1xmedia AU Sports",
      "url": "https://a1xs.vip/700003"
    },
    {
      "name": "Fox Sports 504 FHD",
      "tvg-id": "FoxFooty.au",
      "tvg-logo": "https://external-content.duckduckgo.com/iu/?u=https://i.imgur.com/aEoU7gf.png",
      "group-title": "A1xmedia AU Sports",
      "url": "https://a1xs.vip/700004"
    },
    {
      "name": "Fox Sports 505 FHD",
      "tvg-id": "FoxSports505.au",
      "tvg-logo": "https://external-content.duckduckgo.com/iu/?u=https://i.imgur.com/angJkah.png",
      "group-title": "A1xmedia AU Sports",
      "url": "https://a1xs.vip/700005"
    },
    {
      "name": "Fox Sports 506 FHD",
      "tvg-id": "FoxSports506.au",
      "tvg-logo": "https://external-content.duckduckgo.com/iu/?u=https://i.imgur.com/eA1hiR0.png",
      "group-title": "A1xmedia AU Sports",
      "url": "https://a1xs.vip/700006"
    },
    {
      "name": "Fox Sports 507 FHD",
      "tvg-id": "FoxSportsMore.au",
      "tvg-logo": "https://external-content.duckduckgo.com/iu/?u=https://i.imgur.com/kGm7Ts1.png",
      "group-title": "A1xmedia AU Sports",
      "url": "https://a1xs.vip/700007"
    },
    {
      "name": "Optus Sports 1",
      "tvg-id": "Sports.Dummy.us",
      "tvg-logo": "https://cloud.clearlink.services/logos/optus-sport.png",
      "group-title": "A1xmedia AU Sports",
      "url": "https://a1xs.vip/700010"
    },
    {
      "name": "Optus Sports 2",
      "tvg-id": "Sports.Dummy.us",
      "tvg-logo": "https://cloud.clearlink.services/logos/optus-sport.png",
      "group-title": "A1xmedia AU Sports",
      "url": "https://a1xs.vip/700011"
    },
    {
      "name": "CBC News Network",
      "tvg-id": "CBC.News.Network.ca",
      "tvg-logo": "https://external-content.duckduckgo.com/iu/?u=https://i.imgur.com/kXIXzxH.png",
      "group-title": "A1xmedia CA Channels",
      "url": "https://a1xs.vip/610004"
    },
    {
      "name": "CP24",
      "tvg-id": "Cable.Pulse.24.(CP24).HD.ca2",
      "tvg-logo": "https://broadcasting-history.ca/wp-content/uploads/2021/03/CP24-Logo.jpg",
      "group-title": "A1xmedia CA Channels",
      "url": "https://a1xs.vip/610001"
    },
    {
      "name": "CTV 2",
      "tvg-id": "CTV.Two.-.Toronto.ca2",
      "tvg-logo": "https://external-content.duckduckgo.com/iu/?u=https://i.imgur.com/T2uS3V6.png",
      "group-title": "A1xmedia CA Channels",
      "url": "https://a1xs.vip/610003"
    },
    {
      "name": "CTV News",
      "tvg-id": "CTV.News.Channel.ca",
      "tvg-logo": "https://external-content.duckduckgo.com/iu/?u=https://i.imgur.com/tAHqKVn.png",
      "group-title": "A1xmedia CA Channels",
      "url": "https://a1xs.vip/610002"
    },
    {
      "name": "Global News",
      "tvg-id": "Global.BC.ca",
      "tvg-logo": "https://github.com/tv-logo/tv-logos/blob/main/countries/canada/global-news-ca.png?raw=true",
      "group-title": "A1xmedia CA Channels",
      "url": "https://a1xs.vip/610005"
    },
    {
      "name": "Sportsnet 360 FHD",
      "tvg-id": "Sportsnet.360.HD.ca2",
      "tvg-logo": "https://external-content.duckduckgo.com/iu/?u=https://i.imgur.com/8YNVKqC.png",
      "group-title": "A1xmedia CA Sports",
      "url": "https://a1xs.vip/6000014"
    },
    {
      "name": "Sportsnet One FHD",
      "tvg-id": "Sportsnet.One.ca2",
      "tvg-logo": "https://external-content.duckduckgo.com/iu/?u=https://i.imgur.com/SxBnZN0.png",
      "group-title": "A1xmedia CA Sports",
      "url": "https://a1xs.vip/6000012"
    },
    {
      "name": "Sportsnet Ontario FHD",
      "tvg-id": "Sportsnet.Ontario.HD.ca2",
      "tvg-logo": "https://external-content.duckduckgo.com/iu/?u=https://i.imgur.com/o6Ct6Ce.png",
      "group-title": "A1xmedia CA Sports",
      "url": "https://a1xs.vip/6000011"
    },
    {
      "name": "Sportsnet West",
      "tvg-id": "Sportsnet.West.HD.ca2",
      "tvg-logo": "https://external-content.duckduckgo.com/iu/?u=https://i.imgur.com/GAlu4gn.png",
      "group-title": "A1xmedia CA Sports",
      "url": "https://a1xs.vip/6000015"
    },
    {
      "name": "Sportsnet World FHD",
      "tvg-id": "Sportsnet.World.ca2",
      "tvg-logo": "https://external-content.duckduckgo.com/iu/?u=https://i.imgur.com/EJy8K7F.png",
      "group-title": "A1xmedia CA Sports",
      "url": "https://a1xs.vip/6000013"
    },
    {
      "name": "TSN1",
      "tvg-id": "TSN.1.ca2",
      "tvg-logo": "https://external-content.duckduckgo.com/iu/?u=https://i.imgur.com/xF3cHNd.png",
      "group-title": "A1xmedia CA Sports",
      "url": "https://a1xs.vip/6000001"
    },
    {
      "name": "TSN2",
      "tvg-id": "TSN.2.ca2",
      "tvg-logo": "https://external-content.duckduckgo.com/iu/?u=https://i.imgur.com/iTSoxQW.png",
      "group-title": "A1xmedia CA Sports",
      "url": "https://a1xs.vip/6000002"
    },
    {
      "name": "TSN3",
      "tvg-id": "TSN.3.ca2",
      "tvg-logo": "https://external-content.duckduckgo.com/iu/?u=https://i.imgur.com/dPMY5Kc.png",
      "group-title": "A1xmedia CA Sports",
      "url": "https://a1xs.vip/6000003"
    },
    {
      "name": "TSN4",
      "tvg-id": "TSN.4.ca2",
      "tvg-logo": "https://external-content.duckduckgo.com/iu/?u=https://i.imgur.com/9EInDNq.png",
      "group-title": "A1xmedia CA Sports",
      "url": "https://a1xs.vip/6000004"
    },
    {
      "name": "TSN5",
      "tvg-id": "TSN.5.ca2",
      "tvg-logo": "https://external-content.duckduckgo.com/iu/?u=https://i.imgur.com/houBcHX.png",
      "group-title": "A1xmedia CA Sports",
      "url": "https://a1xs.vip/6000005"
    },
    {
      "name": "Astro Grandstand",
      "tvg-id": "Astro.Premier.League.3.my",
      "tvg-logo": "https://external-content.duckduckgo.com/iu/?u=https://i.imgur.com/0vxakz2.png",
      "group-title": "A1xmedia EPL",
      "url": "https://a1xs.vip/1100032"
    },
    {
      "name": "Astro Premier League",
      "tvg-id": "Astro.Premier.League.my",
      "tvg-logo": "https://github.com/tv-logo/tv-logos/blob/main/countries/malaysia/astro-premier-league-my.png?raw=true",
      "group-title": "A1xmedia EPL",
      "url": "https://a1xs.vip/1100030"
    },
    {
      "name": "Astro Premier League 2",
      "tvg-id": "Astro.Premier.League.2.my",
      "tvg-logo": "https://github.com/tv-logo/tv-logos/blob/main/countries/malaysia/astro-premier-league-2-my.png?raw=true",
      "group-title": "A1xmedia EPL",
      "url": "https://a1xs.vip/1100031"
    },
    {
      "name": "Hub Premier 1 FHD",
      "tvg-id": "Hub.Premier.1.sg",
      "tvg-logo": "https://github.com/tv-logo/tv-logos/blob/main/countries/singapore/hub-premier-1-sg.png?raw=true",
      "group-title": "A1xmedia EPL",
      "url": "https://a1xs.vip/1100041"
    },
    {
      "name": "Hub Premier 2 FHD",
      "tvg-id": "Hub.Premier.2.sg",
      "tvg-logo": "https://github.com/tv-logo/tv-logos/blob/main/countries/singapore/hub-premier-2-sg.png?raw=true",
      "group-title": "A1xmedia EPL",
      "url": "https://a1xs.vip/1100042"
    },
    {
      "name": "Hub Premier 3 FHD",
      "tvg-id": "Hub.Premier.3.sg",
      "tvg-logo": "https://github.com/tv-logo/tv-logos/blob/main/countries/singapore/hub-premier-3-sg.png?raw=true",
      "group-title": "A1xmedia EPL",
      "url": "https://a1xs.vip/1100043"
    },
    {
      "name": "Hub Premier 4 FHD",
      "tvg-id": "Hub.Premier.4.sg",
      "tvg-logo": "https://github.com/tv-logo/tv-logos/blob/main/countries/singapore/hub-premier-4-sg.png?raw=true",
      "group-title": "A1xmedia EPL",
      "url": "https://a1xs.vip/1100044"
    },
    {
      "name": "MY: Astro Sports UHD",
      "tvg-id": "Astro.Sports.UHD.my",
      "tvg-logo": "https://i.ibb.co/3hW45Pb/Astro-Sports-UHD.png",
      "group-title": "A1xmedia EPL",
      "url": "https://a1xs.vip/9000001"
    },
    {
      "name": "Now Sports PL 1 FHD",
      "tvg-id": "Now.Sports.Premier.League.1.hk",
      "tvg-logo": "https://github.com/tv-logo/tv-logos/blob/main/countries/hong-kong/now-sports-hk.png?raw=true",
      "group-title": "A1xmedia EPL",
      "url": "https://a1xs.vip/1100001"
    },
    {
      "name": "Now Sports PL 2 FHD",
      "tvg-id": "Now.Sports.Premier.League.2.hk",
      "tvg-logo": "https://github.com/tv-logo/tv-logos/blob/main/countries/hong-kong/now-sports-premier-league-2-hk.png?raw=true",
      "group-title": "A1xmedia EPL",
      "url": "https://a1xs.vip/1100002"
    },
    {
      "name": "Peacock Premier League TV",
      "tvg-id": "Premier.League.Dummy.us",
      "tvg-logo": "https://cdn1.thecomeback.com/wp-content/uploads/sites/94/2020/07/peacockpl-832x410.jpg",
      "group-title": "A1xmedia EPL",
      "url": "https://a1xs.vip/1100021"
    },
    {
      "name": "Sky Sport PL NZ",
      "tvg-id": "SKY.Sport.8.nz",
      "tvg-logo": "https://github.com/tv-logo/tv-logos/blob/main/countries/new-zealand/sky-sport-8-nz.png?raw=true",
      "group-title": "A1xmedia EPL",
      "url": "https://a1xs.vip/700008"
    },
    {
      "name": "USA Network FHD",
      "tvg-id": "USA.Network.HD.us2",
      "tvg-logo": "https://github.com/tv-logo/tv-logos/blob/main/countries/world-latin-america/usa-network-lam.png?raw=true",
      "group-title": "A1xmedia EPL",
      "url": "https://a1xs.vip/1100020"
    },
    {
      "name": "AL: Super Sport 1 FHD",
      "tvg-id": "SuperSport.1.al",
      "tvg-logo": "https://external-content.duckduckgo.com/iu/?u=https://i.imgur.com/zI22zLw.png",
      "group-title": "A1xmedia EU Sports",
      "url": "https://a1xs.vip/130001"
    },
    {
      "name": "AL: Super Sport 2 FHD",
      "tvg-id": "SuperSport.2.al",
      "tvg-logo": "https://external-content.duckduckgo.com/iu/?u=https://i.imgur.com/zI22zLw.png",
      "group-title": "A1xmedia EU Sports",
      "url": "https://a1xs.vip/130002"
    },
    {
      "name": "AL: Super Sport 3 FHD",
      "tvg-id": "SuperSport.3.al",
      "tvg-logo": "https://external-content.duckduckgo.com/iu/?u=https://i.imgur.com/zI22zLw.png",
      "group-title": "A1xmedia EU Sports",
      "url": "https://a1xs.vip/130003"
    },
    {
      "name": "DE: Sky Sport Bundesliga FHD",
      "tvg-id": "Sky.Sport.Bundesliga.de",
      "tvg-logo": "https://external-content.duckduckgo.com/iu/?u=https://i.imgur.com/EhInbSW.png",
      "group-title": "A1xmedia EU Sports",
      "url": "https://a1xs.vip/120002"
    },
    {
      "name": "DE: Sky Sport Top Event FHD",
      "tvg-id": "Sky.Sport.Top.Event.de",
      "tvg-logo": "https://external-content.duckduckgo.com/iu/?u=https://i.imgur.com/0iFbfLa.png",
      "group-title": "A1xmedia EU Sports",
      "url": "https://a1xs.vip/120003"
    },
    {
      "name": "DE: Sportdigital Fussball FHD",
      "tvg-id": "sportdigital.de",
      "tvg-logo": "https://external-content.duckduckgo.com/iu/?u=https://i.imgur.com/8KiZkJF.png",
      "group-title": "A1xmedia EU Sports",
      "url": "https://a1xs.vip/120001"
    },
    {
      "name": "IRE: Premier Sports 1 FHD",
      "tvg-id": "Premier.Sports.1.HD.ie",
      "tvg-logo": "https://external-content.duckduckgo.com/iu/?u=https://i.imgur.com/2PGUHlW.png",
      "group-title": "A1xmedia EU Sports",
      "url": "https://a1xs.vip/8000021"
    },
    {
      "name": "IRE: Premier Sports 2 FHD",
      "tvg-id": "Premier.Sports.2.HD.ie",
      "tvg-logo": "https://external-content.duckduckgo.com/iu/?u=https://i.imgur.com/mLYkn9p.png",
      "group-title": "A1xmedia EU Sports",
      "url": "https://a1xs.vip/8000022"
    },
    {
      "name": "NL: Ziggo Sport 2 FHD",
      "tvg-id": "Ziggo.Sport.2.nl",
      "tvg-logo": "https://external-content.duckduckgo.com/iu/?u=https://i.imgur.com/8mnQvB5.png",
      "group-title": "A1xmedia EU Sports",
      "url": "https://a1xs.vip/140002"
    },
    {
      "name": "NL: Ziggo Sport 3 FHD",
      "tvg-id": "Ziggo.Sport.3.nl",
      "tvg-logo": "https://external-content.duckduckgo.com/iu/?u=https://i.imgur.com/8mnQvB5.png",
      "group-title": "A1xmedia EU Sports",
      "url": "https://a1xs.vip/140003"
    },
    {
      "name": "NL: Ziggo Sport 4 FHD",
      "tvg-id": "Ziggo.Sport.4.nl",
      "tvg-logo": "https://external-content.duckduckgo.com/iu/?u=https://i.imgur.com/8mnQvB5.png",
      "group-title": "A1xmedia EU Sports",
      "url": "https://a1xs.vip/140004"
    },
    {
      "name": "NL: Ziggo Sport FHD",
      "tvg-id": "Ziggo.Sport.nl",
      "tvg-logo": "https://external-content.duckduckgo.com/iu/?u=https://i.imgur.com/8mnQvB5.png",
      "group-title": "A1xmedia EU Sports",
      "url": "https://a1xs.vip/140001"
    },
    {
      "name": "Live Event 1",
      "tvg-id": "PPV.EVENTS.Dummy.us",
      "tvg-logo": "https://external-content.duckduckgo.com/iu/?u=https://i.imgur.com/LoQdSia.png",
      "group-title": "A1xmedia Live Event | PPV",
      "url": "https://a1xs.vip/ppv1"
    },
    {
      "name": "Live Event 2",
      "tvg-id": "PPV.EVENTS.Dummy.us",
      "tvg-logo": "https://external-content.duckduckgo.com/iu/?u=https://i.imgur.com/LoQdSia.png",
      "group-title": "A1xmedia Live Event | PPV",
      "url": "https://a1xs.vip/ppv2"
    },
    {
      "name": "Live Event 3",
      "tvg-id": "PPV.EVENTS.Dummy.us",
      "tvg-logo": "https://external-content.duckduckgo.com/iu/?u=https://i.imgur.com/LoQdSia.png",
      "group-title": "A1xmedia Live Event | PPV",
      "url": "https://a1xs.vip/ppv3"
    },
    {
      "name": "Live Event 4",
      "tvg-id": "PPV.EVENTS.Dummy.us",
      "tvg-logo": "https://external-content.duckduckgo.com/iu/?u=https://i.imgur.com/LoQdSia.png",
      "group-title": "A1xmedia Live Event | PPV",
      "url": "https://a1xs.vip/ppv4"
    },
    {
      "name": "Live Event 5",
      "tvg-id": "PPV.EVENTS.Dummy.us",
      "tvg-logo": "https://external-content.duckduckgo.com/iu/?u=https://i.imgur.com/LoQdSia.png",
      "group-title": "A1xmedia Live Event | PPV",
      "url": "https://a1xs.vip/ppv5"
    },
    {
      "name": "Live Event 6",
      "tvg-id": "PPV.EVENTS.Dummy.us",
      "tvg-logo": "https://external-content.duckduckgo.com/iu/?u=https://i.imgur.com/LoQdSia.png",
      "group-title": "A1xmedia Live Event | PPV",
      "url": "https://a1xs.vip/ppv6"
    },
    {
      "name": "Live Event 7",
      "tvg-id": "PPV.EVENTS.Dummy.us",
      "tvg-logo": "https://external-content.duckduckgo.com/iu/?u=https://i.imgur.com/LoQdSia.png",
      "group-title": "A1xmedia Live Event | PPV",
      "url": "https://a1xs.vip/ppv7"
    },
    {
      "name": "Live Event 8",
      "tvg-id": "PPV.EVENTS.Dummy.us",
      "tvg-logo": "https://external-content.duckduckgo.com/iu/?u=https://i.imgur.com/LoQdSia.png",
      "group-title": "A1xmedia Live Event | PPV",
      "url": "https://a1xs.vip/ppv8"
    },
    {
      "name": "SKY Sport 1 NZ",
      "tvg-id": "SKY.Sport.1.nz",
      "tvg-logo": "https://external-content.duckduckgo.com/iu/?u=https://i.imgur.com/NRK8Uc6.png",
      "group-title": "A1xmedia NZ Sports",
      "url": "https://a1xs.vip/700031"
    },
    {
      "name": "SKY Sport 2 NZ",
      "tvg-id": "SKY.Sport.2.nz",
      "tvg-logo": "https://external-content.duckduckgo.com/iu/?u=https://i.imgur.com/IEDwF39.png",
      "group-title": "A1xmedia NZ Sports",
      "url": "https://a1xs.vip/700032"
    },
    {
      "name": "SKY Sport 3 NZ",
      "tvg-id": "SKY.Sport.3.nz",
      "tvg-logo": "https://external-content.duckduckgo.com/iu/?u=https://i.imgur.com/gTeEX4f.png",
      "group-title": "A1xmedia NZ Sports",
      "url": "https://a1xs.vip/700033"
    },
    {
      "name": "SKY Sport 4 NZ",
      "tvg-id": "SKY.Sport.4.nz",
      "tvg-logo": "https://external-content.duckduckgo.com/iu/?u=https://i.imgur.com/ogjOWQV.png",
      "group-title": "A1xmedia NZ Sports",
      "url": "https://a1xs.vip/700034"
    },
    {
      "name": "SKY Sport 5 NZ",
      "tvg-id": "SKY.Sport.5.nz",
      "tvg-logo": "https://external-content.duckduckgo.com/iu/?u=https://i.imgur.com/zIRnRJM.png",
      "group-title": "A1xmedia NZ Sports",
      "url": "https://a1xs.vip/700035"
    },
    {
      "name": "SKY Sport 6 NZ",
      "tvg-id": "SKY.Sport.6.nz",
      "tvg-logo": "https://external-content.duckduckgo.com/iu/?u=https://i.imgur.com/o0Icbjt.png",
      "group-title": "A1xmedia NZ Sports",
      "url": "https://a1xs.vip/700036"
    },
    {
      "name": "SKY Sport 7 NZ",
      "tvg-id": "SKY.Sport.7.nz",
      "tvg-logo": "https://external-content.duckduckgo.com/iu/?u=https://i.imgur.com/AznJTOJ.png",
      "group-title": "A1xmedia NZ Sports",
      "url": "https://a1xs.vip/700037"
    },
    {
      "name": "Sky Sport 8 - Premier League NZ",
      "tvg-id": "SKY.Sport.8.nz",
      "tvg-logo": "https://external-content.duckduckgo.com/iu/?u=https://i.imgur.com/ZlADOPM.png",
      "group-title": "A1xmedia NZ Sports",
      "url": "https://a1xs.vip/700008"
    },
    {
      "name": "Bloomberg TV UHD",
      "tvg-id": "Bloomberg.HD.us2",
      "tvg-logo": "https://i.ibb.co/L61zPzP/Bloomberg-tv.png",
      "group-title": "A1xmedia UHD | 4K",
      "url": "https://a1xs.vip/blombuhd"
    },
    {
      "name": "Eleven Sports 1 4K",
      "tvg-id": "Eleven.Sports.1.4K.pl",
      "tvg-logo": "https://external-content.duckduckgo.com/iu/?u=https://i.imgur.com/k6MErsv.png",
      "group-title": "A1xmedia UHD | 4K",
      "url": "https://a1xs.vip/14001"
    },
    {
      "name": "Fashion TV UHD",
      "tvg-id": "Fashion.TV.de",
      "tvg-logo": "https://i.ibb.co/LNvfKrJ/FTVUHD.png",
      "group-title": "A1xmedia UHD | 4K",
      "url": "https://a1xs.vip/ftv4kuhd"
    },
    {
      "name": "HK: Now Sports 1 4k",
      "tvg-id": "Now.Sports.4K.1.hk",
      "tvg-logo": "https://external-content.duckduckgo.com/iu/?u=https://i.imgur.com/mj9zJUc.png",
      "group-title": "A1xmedia UHD | 4K",
      "url": "https://a1xs.vip/9000011"
    },
    {
      "name": "HOME 4K",
      "tvg-id": "HOME.4K.pl",
      "tvg-logo": "https://i.ibb.co/kg6GPds2/Home4k.webp",
      "group-title": "A1xmedia UHD | 4K",
      "url": "https://a1xs.vip/home4k"
    },
    {
      "name": "Loupe 4K",
      "tvg-id": "Loupe4k",
      "tvg-logo": "https://i.ibb.co/RP5Kv3k/loupe.png",
      "group-title": "A1xmedia UHD | 4K",
      "url": "https://a1xs.vip/loupe4k"
    },
    {
      "name": "Love Nature 4K",
      "tvg-id": "Love.Nature.ca",
      "tvg-logo": "https://i.ibb.co/SdSKhsj/love-nature-4k.png",
      "group-title": "A1xmedia UHD | 4K",
      "url": "https://a1xs.vip/lovent4k"
    },
    {
      "name": "MUSEUM TV 4K",
      "tvg-id": "Museum.4k.ro",
      "tvg-logo": "https://external-content.duckduckgo.com/iu/?u=https://i.imgur.com/a55LkwU.png",
      "group-title": "A1xmedia UHD | 4K",
      "url": "https://a1xs.vip/msem4k"
    },
    {
      "name": "MyZen 4K (Multi Audio)",
      "tvg-id": "MyZen.4K.ro",
      "tvg-logo": "https://external-content.duckduckgo.com/iu/?u=https://i.imgur.com/GDZobhF.png",
      "group-title": "A1xmedia UHD | 4K",
      "url": "https://a1xs.vip/myzen4k"
    },
    {
      "name": "SE: V Sport Ultra HD",
      "tvg-id": "V.sport.ULTRA.HD.fi",
      "tvg-logo": "https://external-content.duckduckgo.com/iu/?u=https://i.imgur.com/Q2qDLpV.png",
      "group-title": "A1xmedia UHD | 4K",
      "url": "https://a1xs.vip/9000013"
    },
    {
      "name": "SG: Hub Premier 2 UHD",
      "tvg-id": "Hub.Premier.2.sg",
      "tvg-logo": "https://github.com/tv-logo/tv-logos/blob/main/countries/singapore/hub-premier-2-sg.png?raw=true",
      "group-title": "A1xmedia UHD | 4K",
      "url": "https://a1xs.vip/9000012"
    },
    {
      "name": "Travelxp 4K",
      "tvg-id": "travelxp.4K.de",
      "tvg-logo": "https://i.ibb.co/GCKtvqn/Travelxp-4-K.png",
      "group-title": "A1xmedia UHD | 4K",
      "url": "https://a1xs.vip/travelxpuhd"
    },
    {
      "name": "UK: Sky Sports F1 UHD",
      "tvg-id": "SkySp.F1.uk",
      "tvg-logo": "https://external-content.duckduckgo.com/iu/?u=https://i.imgur.com/aetKPNi.png",
      "group-title": "A1xmedia UHD | 4K",
      "url": "https://a1xs.vip/2000016"
    },
    {
      "name": "UK: Sky Sports Main Event UHD",
      "tvg-id": "SkySpMainEvHD.uk",
      "tvg-logo": "https://i.ibb.co/gwCk7Bc/sky-m-event-uhd.png",
      "group-title": "A1xmedia UHD | 4K",
      "url": "https://a1xs.vip/2000015"
    },
    {
      "name": "UK: TNT Sports Ultimate UHD",
      "tvg-id": "TNT.Sports.Ultimate.uk",
      "tvg-logo": "https://i.ibb.co/QqGdJnM/TNTSprts-U.png",
      "group-title": "A1xmedia UHD | 4K",
      "url": "https://a1xs.vip/2000031"
    },
    {
      "name": "US: NESN UHD",
      "tvg-id": "New.England.Sports.Network.HD.us2",
      "tvg-logo": "https://i.postimg.cc/CxVDbJrS/nesn.png",
      "group-title": "A1xmedia UHD | 4K",
      "url": "https://a1xs.vip/4000080"
    },
    {
      "name": "4Seven FHD",
      "tvg-id": "4seven.uk",
      "tvg-logo": "https://external-content.duckduckgo.com/iu/?u=https://i.imgur.com/DtUIn7I.png",
      "group-title": "A1xmedia UK Channels",
      "url": "https://a1xs.vip/1000036"
    },
    {
      "name": "BBC News FHD",
      "tvg-id": "BBC.NEWS.HD.uk",
      "tvg-logo": "https://external-content.duckduckgo.com/iu/?u=https://i.imgur.com/wZcplCT.png",
      "group-title": "A1xmedia UK Channels",
      "url": "https://a1xs.vip/1000015"
    },
    {
      "name": "BBC One FHD",
      "tvg-id": "BBC.One.Lon.HD.uk",
      "tvg-logo": "https://i.ibb.co/Xk2nLVq/BBC-One.png",
      "group-title": "A1xmedia UK Channels",
      "url": "https://a1xs.vip/1000001"
    },
    {
      "name": "BBC Three / CBBC FHD",
      "tvg-id": "BBC.Three.HD.uk",
      "tvg-logo": "https://i.ibb.co/n8t4rCh/BBC-Three.png",
      "group-title": "A1xmedia UK Channels",
      "url": "https://a1xs.vip/1000003"
    },
    {
      "name": "BBC Two FHD",
      "tvg-id": "BBC.Two.HD.uk",
      "tvg-logo": "https://i.ibb.co/7vG6Nvz/BBC-Two.png",
      "group-title": "A1xmedia UK Channels",
      "url": "https://a1xs.vip/1000002"
    },
    {
      "name": "Cartoon Network UK FHD",
      "tvg-id": "Cartoon.Netwrk.uk",
      "tvg-logo": "https://github.com/tv-logo/tv-logos/blob/main/countries/canada/cartoon-network-ca.png?raw=true",
      "group-title": "A1xmedia UK Channels",
      "url": "https://a1xs.vip/1000050"
    },
    {
      "name": "Channel 4 FHD",
      "tvg-id": "Channel.4.HD.uk",
      "tvg-logo": "https://i.ibb.co/v3WBCFV/Channel-4.png",
      "group-title": "A1xmedia UK Channels",
      "url": "https://a1xs.vip/1000031"
    },
    {
      "name": "Channel 5 FHD",
      "tvg-id": "Channel.5.HD.uk",
      "tvg-logo": "https://i.ibb.co/16SnsKq/skychb1800.png",
      "group-title": "A1xmedia UK Channels",
      "url": "https://a1xs.vip/1000030"
    },
    {
      "name": "CNN UK FHD",
      "tvg-id": "CNN.HD.uk",
      "tvg-logo": "https://external-content.duckduckgo.com/iu/?u=https://i.imgur.com/iXbtNPJ.png",
      "group-title": "A1xmedia UK Channels",
      "url": "https://a1xs.vip/1000016"
    },
    {
      "name": "Discovery Channel FHD",
      "tvg-id": "Discovery.HD.uk",
      "tvg-logo": "https://external-content.duckduckgo.com/iu/?u=https://i.imgur.com/1eM0KX8.png",
      "group-title": "A1xmedia UK Channels",
      "url": "https://a1xs.vip/1000033"
    },
    {
      "name": "E4 FHD",
      "tvg-id": "E4.HD.uk",
      "tvg-logo": "https://external-content.duckduckgo.com/iu/?u=https://i.imgur.com/ium8n7E.png",
      "group-title": "A1xmedia UK Channels",
      "url": "https://a1xs.vip/1000032"
    },
    {
      "name": "Film4 FHD",
      "tvg-id": "Film4.HD.uk",
      "tvg-logo": "https://external-content.duckduckgo.com/iu/?u=https://i.imgur.com/OjiHaqa.png",
      "group-title": "A1xmedia UK Channels",
      "url": "https://a1xs.vip/1000035"
    },
    {
      "name": "GB News FHD",
      "tvg-id": "GB.News.HD.uk",
      "tvg-logo": "https://external-content.duckduckgo.com/iu/?u=https://i.imgur.com/0OLwnMR.png",
      "group-title": "A1xmedia UK Channels",
      "url": "https://a1xs.vip/1000017"
    },
    {
      "name": "iTV1 FHD",
      "tvg-id": "ITV1.HD.uk",
      "tvg-logo": "https://i.ibb.co/g6TqxVm/ITV1.png",
      "group-title": "A1xmedia UK Channels",
      "url": "https://a1xs.vip/1000011"
    },
    {
      "name": "iTV2 FHD",
      "tvg-id": "ITV2.HD.uk",
      "tvg-logo": "https://i.ibb.co/Yc66t7f/ITV2.png",
      "group-title": "A1xmedia UK Channels",
      "url": "https://a1xs.vip/1000012"
    },
    {
      "name": "iTV3 FHD",
      "tvg-id": "ITV3.HD.uk",
      "tvg-logo": "https://i.ibb.co/fHbyKrt/ITV3.png",
      "group-title": "A1xmedia UK Channels",
      "url": "https://a1xs.vip/1000013"
    },
    {
      "name": "iTV4 FHD",
      "tvg-id": "ITV4.HD.uk",
      "tvg-logo": "https://i.ibb.co/rQhNxbN/ITV4.png",
      "group-title": "A1xmedia UK Channels",
      "url": "https://a1xs.vip/1000014"
    },
    {
      "name": "More4 FHD",
      "tvg-id": "More4.HD.uk",
      "tvg-logo": "https://external-content.duckduckgo.com/iu/?u=https://i.imgur.com/cUMgPAZ.png",
      "group-title": "A1xmedia UK Channels",
      "url": "https://a1xs.vip/1000034"
    },
    {
      "name": "MTV FHD",
      "tvg-id": "MTV.HD.uk",
      "tvg-logo": "https://external-content.duckduckgo.com/iu/?u=https://i.imgur.com/CeKvKIu.png",
      "group-title": "A1xmedia UK Channels",
      "url": "https://a1xs.vip/1000037"
    },
    {
      "name": "Nick Jr. UK FHD",
      "tvg-id": "Nick.Jr..HD.uk",
      "tvg-logo": "https://github.com/tv-logo/tv-logos/blob/main/countries/india/nick-jr-in.png?raw=true",
      "group-title": "A1xmedia UK Channels",
      "url": "https://a1xs.vip/1000052"
    },
    {
      "name": "Nickelodeon UK FHD",
      "tvg-id": "NickelodeonHD.uk",
      "tvg-logo": "https://github.com/tv-logo/tv-logos/blob/main/countries/italy/nickelodeon-it.png?raw=true",
      "group-title": "A1xmedia UK Channels",
      "url": "https://a1xs.vip/1000051"
    },
    {
      "name": "Nicktoon UK",
      "tvg-id": "Nicktoons.uk",
      "tvg-logo": "https://external-content.duckduckgo.com/iu/?u=https://i.imgur.com/X3eFHe6.png",
      "group-title": "A1xmedia UK Channels",
      "url": "https://a1xs.vip/100054"
    },
    {
      "name": "Sky Atlantic FHD",
      "tvg-id": "Sky.Atlantic.HD.uk",
      "tvg-logo": "https://github.com/tv-logo/tv-logos/blob/main/countries/italy/sky-atlantic-it.png?raw=true",
      "group-title": "A1xmedia UK Channels",
      "url": "https://a1xs.vip/210001"
    },
    {
      "name": "Sky Cinema Action FHD",
      "tvg-id": "Sky.Action.uk",
      "tvg-logo": "https://github.com/tv-logo/tv-logos/blob/main/countries/italy/sky-sport-action-it.png?raw=true",
      "group-title": "A1xmedia UK Channels",
      "url": "https://a1xs.vip/210006"
    },
    {
      "name": "Sky Cinema Comedy FHD",
      "tvg-id": "Sky.Comedy.Cinema.uk",
      "tvg-logo": "https://github.com/tv-logo/tv-logos/blob/main/countries/germany/sky-comedy-de.png?raw=true",
      "group-title": "A1xmedia UK Channels",
      "url": "https://a1xs.vip/210005"
    },
    {
      "name": "Sky Cinema Family FHD",
      "tvg-id": "Sky.Family.HD.uk",
      "tvg-logo": "https://github.com/tv-logo/tv-logos/blob/main/countries/italy/sky-cinema-family-it.png?raw=true",
      "group-title": "A1xmedia UK Channels",
      "url": "https://a1xs.vip/210007"
    },
    {
      "name": "Sky Cinema Hits FHD",
      "tvg-id": "Sky.Cinema.Hits.HD.uk",
      "tvg-logo": "https://github.com/tv-logo/tv-logos/blob/main/countries/united-kingdom/sky-cinema-hits-uk.png?raw=true",
      "group-title": "A1xmedia UK Channels",
      "url": "https://a1xs.vip/210002"
    },
    {
      "name": "Sky Cinema Premiere FHD",
      "tvg-id": "Sky.Premiere.uk",
      "tvg-logo": "https://github.com/tv-logo/tv-logos/blob/main/countries/germany/sky-cinema-premiere-de.png?raw=true",
      "group-title": "A1xmedia UK Channels",
      "url": "https://a1xs.vip/210003"
    },
    {
      "name": "Sky Cinema Select FHD",
      "tvg-id": "Sky.Cinema.Select.uk",
      "tvg-logo": "https://github.com/tv-logo/tv-logos/blob/main/countries/germany/sky-select-de.png?raw=true",
      "group-title": "A1xmedia UK Channels",
      "url": "https://a1xs.vip/210004"
    },
    {
      "name": "Sky News FHD",
      "tvg-id": "Sky.News.HD.uk",
      "tvg-logo": "https://external-content.duckduckgo.com/iu/?u=https://i.imgur.com/OrPaXvv.png",
      "group-title": "A1xmedia UK Channels",
      "url": "https://a1xs.vip/1000018"
    },
    {
      "name": "Sky Sports Action FHD",
      "tvg-id": "SkySp.ActionHD.uk",
      "tvg-logo": "https://i.ibb.co/VqtQrDq/sky-action.png",
      "group-title": "A1xmedia UK Sports",
      "url": "https://a1xs.vip/2000011"
    },
    {
      "name": "Sky Sports Cricket FHD",
      "tvg-id": "SkySpCricket.HD.uk",
      "tvg-logo": "https://i.ibb.co/JyPnwvB/sky-cricket.png",
      "group-title": "A1xmedia UK Sports",
      "url": "https://a1xs.vip/2000006"
    },
    {
      "name": "Sky Sports F1 FHD",
      "tvg-id": "SkySp.F1.HD.uk",
      "tvg-logo": "https://i.ibb.co/h26bK2Q/sky-f1.png",
      "group-title": "A1xmedia UK Sports",
      "url": "https://a1xs.vip/2000005"
    },
    {
      "name": "Sky Sports F1 UHD",
      "tvg-id": "SkySp.F1.uk",
      "tvg-logo": "https://external-content.duckduckgo.com/iu/?u=https://i.imgur.com/aetKPNi.png",
      "group-title": "A1xmedia UK Sports",
      "url": "https://a1xs.vip/2000016"
    },
    {
      "name": "Sky Sports Football FHD",
      "tvg-id": "SkySp.Fball.HD.uk",
      "tvg-logo": "https://i.ibb.co/WcCrBqx/sky-football.png",
      "group-title": "A1xmedia UK Sports",
      "url": "https://a1xs.vip/2000003"
    },
    {
      "name": "Sky Sports Golf FHD",
      "tvg-id": "SkySp.Golf.HD.uk",
      "tvg-logo": "https://i.ibb.co/QvhY4tX/sky-golf.png",
      "group-title": "A1xmedia UK Sports",
      "url": "https://a1xs.vip/2000009"
    },
    {
      "name": "Sky Sports Main Event FHD",
      "tvg-id": "SkySpMainEvHD.uk",
      "tvg-logo": "https://i.ibb.co/CwMZcpP/sky-main-event.png",
      "group-title": "A1xmedia UK Sports",
      "url": "https://a1xs.vip/2000001"
    },
    {
      "name": "Sky Sports Main Event UHD",
      "tvg-id": "SkySpMainEvHD.uk",
      "tvg-logo": "https://i.ibb.co/gwCk7Bc/sky-m-event-uhd.png",
      "group-title": "A1xmedia UK Sports",
      "url": "https://a1xs.vip/2000015"
    },
    {
      "name": "Sky Sports Mix FHD",
      "tvg-id": "SkySp.Mix.HD.uk",
      "tvg-logo": "https://i.ibb.co/7kYj5gc/sky-mix.png",
      "group-title": "A1xmedia UK Sports",
      "url": "https://a1xs.vip/2000008"
    },
    {
      "name": "Sky Sports News FHD",
      "tvg-id": "SkySp.News.HD.uk",
      "tvg-logo": "https://i.ibb.co/7WMDvDP/sky-news.png",
      "group-title": "A1xmedia UK Sports",
      "url": "https://a1xs.vip/2000004"
    },
    {
      "name": "Sky Sports Premier League FHD",
      "tvg-id": "SkySp.PL.HD.uk",
      "tvg-logo": "https://i.ibb.co/rcSRMh9/sky-sports-pl.png",
      "group-title": "A1xmedia UK Sports",
      "url": "https://a1xs.vip/2000002"
    },
    {
      "name": "Sky Sports Racing FHD",
      "tvg-id": "SkySp.Racing.HD.uk",
      "tvg-logo": "https://i.ibb.co/Hnp1hBz/sky-racing.png",
      "group-title": "A1xmedia UK Sports",
      "url": "https://a1xs.vip/2000010"
    },
    {
      "name": "Sky Sports Tennis FHD",
      "tvg-id": "SkySp.Tennis.HD.uk",
      "tvg-logo": "https://external-content.duckduckgo.com/iu/?u=https://i.imgur.com/ZNUDU1r.png",
      "group-title": "A1xmedia UK Sports",
      "url": "https://a1xs.vip/2000013"
    },
    {
      "name": "Sky Sports+ FHD",
      "tvg-id": "SkySp+HD.uk",
      "tvg-logo": "https://i.ibb.co/ccNV9ppd/Sky-Sportsplus.png",
      "group-title": "A1xmedia UK Sports",
      "url": "https://a1xs.vip/2000012"
    },
    {
      "name": "TNT Sports 1 FHD",
      "tvg-id": "TNT.Sports.1.HD.uk",
      "tvg-logo": "https://external-content.duckduckgo.com/iu/?u=https://i.imgur.com/1EYnddH.png",
      "group-title": "A1xmedia UK Sports",
      "url": "https://a1xs.vip/2000021"
    },
    {
      "name": "TNT Sports 2 FHD",
      "tvg-id": "TNT.Sports.2.HD.uk",
      "tvg-logo": "https://external-content.duckduckgo.com/iu/?u=https://i.imgur.com/YtGYRIB.png",
      "group-title": "A1xmedia UK Sports",
      "url": "https://a1xs.vip/2000022"
    },
    {
      "name": "TNT Sports 3 FHD",
      "tvg-id": "TNT.Sports.3.HD.uk",
      "tvg-logo": "https://external-content.duckduckgo.com/iu/?u=https://i.imgur.com/z1d9M65.png",
      "group-title": "A1xmedia UK Sports",
      "url": "https://a1xs.vip/2000023"
    },
    {
      "name": "TNT Sports 4 FHD",
      "tvg-id": "TNT.Sports.4.HD.uk",
      "tvg-logo": "https://external-content.duckduckgo.com/iu/?u=https://i.imgur.com/K92UuvG.png",
      "group-title": "A1xmedia UK Sports",
      "url": "https://a1xs.vip/2000024"
    },
    {
      "name": "TNT Sports Ultimate UHD",
      "tvg-id": "TNT.Sports.Ultimate.uk",
      "tvg-logo": "https://i.ibb.co/QqGdJnM/TNTSprts-U.png",
      "group-title": "A1xmedia UK Sports",
      "url": "https://a1xs.vip/2000031"
    },
    {
      "name": "ABC",
      "tvg-id": "WABC-DT.us_locals1",
      "tvg-logo": "https://external-content.duckduckgo.com/iu/?u=https://i.imgur.com/faIKUyq.png",
      "group-title": "A1xmedia US Channels",
      "url": "https://a1xs.vip/300003"
    },
    {
      "name": "ABC News Live",
      "tvg-id": "ABC.News.Live.us2",
      "tvg-logo": "https://external-content.duckduckgo.com/iu/?u=https://i.imgur.com/L2BWgSl.png",
      "group-title": "A1xmedia US Channels",
      "url": "https://a1xs.vip/300016"
    },
    {
      "name": "Animal Planet FHD",
      "tvg-id": "Animal.Planet.HD.us2",
      "tvg-logo": "https://external-content.duckduckgo.com/iu/?u=https://i.imgur.com/3TW3Qkf.png",
      "group-title": "A1xmedia US Channels",
      "url": "https://a1xs.vip/300035"
    },
    {
      "name": "Cartoon Network FHD",
      "tvg-id": "Cartoon.Network.HD.us2",
      "tvg-logo": "https://external-content.duckduckgo.com/iu/?u=https://i.imgur.com/draQT6x.png",
      "group-title": "A1xmedia US Channels",
      "url": "https://a1xs.vip/300032"
    },
    {
      "name": "CBS",
      "tvg-id": "WCBS-DT.us_locals1",
      "tvg-logo": "https://external-content.duckduckgo.com/iu/?u=https://i.imgur.com/1gRfE1V.png",
      "group-title": "A1xmedia US Channels",
      "url": "https://a1xs.vip/300010"
    },
    {
      "name": "CNBC",
      "tvg-id": "CNBC.HD.us2",
      "tvg-logo": "https://external-content.duckduckgo.com/iu/?u=https://i.imgur.com/iOcdEdH.png",
      "group-title": "A1xmedia US Channels",
      "url": "https://a1xs.vip/300009"
    },
    {
      "name": "CNN",
      "tvg-id": "CNN.HD.us2",
      "tvg-logo": "https://external-content.duckduckgo.com/iu/?u=https://i.imgur.com/iXbtNPJ.png",
      "group-title": "A1xmedia US Channels",
      "url": "https://a1xs.vip/300007"
    },
    {
      "name": "Comedy Central FHD",
      "tvg-id": "Comedy.Central.HD.us2",
      "tvg-logo": "https://external-content.duckduckgo.com/iu/?u=https://i.imgur.com/nJT6QX9.png",
      "group-title": "A1xmedia US Channels",
      "url": "https://a1xs.vip/300004"
    },
    {
      "name": "Discovery Channel FHD",
      "tvg-id": "Discovery.Channel.HD.us2",
      "tvg-logo": "https://external-content.duckduckgo.com/iu/?u=https://i.imgur.com/1eM0KX8.png",
      "group-title": "A1xmedia US Channels",
      "url": "https://a1xs.vip/300034"
    },
    {
      "name": "Disney Channel",
      "tvg-id": "Disney.Channel.HD.us2",
      "tvg-logo": "https://external-content.duckduckgo.com/iu/?u=https://i.imgur.com/21lvh66.png",
      "group-title": "A1xmedia US Channels",
      "url": "https://a1xs.vip/300037"
    },
    {
      "name": "Disney Junior",
      "tvg-id": "Disney.Junior.HD.us2",
      "tvg-logo": "https://external-content.duckduckgo.com/iu/?u=https://i.imgur.com/9cTFAUP.png",
      "group-title": "A1xmedia US Channels",
      "url": "https://a1xs.vip/300036"
    },
    {
      "name": "FOX",
      "tvg-id": "Fox.News.Channel.HD.us2",
      "tvg-logo": "https://external-content.duckduckgo.com/iu/?u=https://i.imgur.com/atBCo5C.png",
      "group-title": "A1xmedia US Channels",
      "url": "https://a1xs.vip/300014"
    },
    {
      "name": "Fox News",
      "tvg-id": "Fox.News.Channel.HD.us2",
      "tvg-logo": "https://external-content.duckduckgo.com/iu/?u=https://i.imgur.com/m22eA9B.png",
      "group-title": "A1xmedia US Channels",
      "url": "https://a1xs.vip/300011"
    },
    {
      "name": "FXX",
      "tvg-id": "FXX.HD.us2",
      "tvg-logo": "https://external-content.duckduckgo.com/iu/?u=https://i.imgur.com/twrNvSu.png",
      "group-title": "A1xmedia US Channels",
      "url": "https://a1xs.vip/300006"
    },
    {
      "name": "HBO Comedy FHD",
      "tvg-id": "HBO.Comedy.HD.us2",
      "tvg-logo": "https://external-content.duckduckgo.com/iu/?u=https://i.imgur.com/CvxmOqV.png",
      "group-title": "A1xmedia US Channels",
      "url": "https://a1xs.vip/300005"
    },
    {
      "name": "MSNBC",
      "tvg-id": "MSNBC.HD.us2",
      "tvg-logo": "https://external-content.duckduckgo.com/iu/?u=https://i.imgur.com/hYkqMdI.png",
      "group-title": "A1xmedia US Channels",
      "url": "https://a1xs.vip/300008"
    },
    {
      "name": "NBC",
      "tvg-id": "WLWT-DT.us_locals1",
      "tvg-logo": "https://external-content.duckduckgo.com/iu/?u=https://i.imgur.com/3BUnPYf.png",
      "group-title": "A1xmedia US Channels",
      "url": "https://a1xs.vip/300015"
    },
    {
      "name": "NBC News NOW",
      "tvg-id": "plex.tv.NBC.News.NOW.plex",
      "tvg-logo": "https://external-content.duckduckgo.com/iu/?u=https://i.imgur.com/zRGFEyD.png",
      "group-title": "A1xmedia US Channels",
      "url": "https://a1xs.vip/300013"
    },
    {
      "name": "NewsMax",
      "tvg-id": "Newsmax.TV.HD.us2",
      "tvg-logo": "https://external-content.duckduckgo.com/iu/?u=https://i.imgur.com/iOjk0wy.png",
      "group-title": "A1xmedia US Channels",
      "url": "https://a1xs.vip/300012"
    },
    {
      "name": "Nick Jr. FHD",
      "tvg-id": "Nick.Jr.HD.us2",
      "tvg-logo": "https://external-content.duckduckgo.com/iu/?u=https://i.imgur.com/cHN8fE8.png",
      "group-title": "A1xmedia US Channels",
      "url": "https://a1xs.vip/300033"
    },
    {
      "name": "Nickelodeon FHD",
      "tvg-id": "Nickelodeon.HD.us2",
      "tvg-logo": "https://external-content.duckduckgo.com/iu/?u=https://i.imgur.com/jE2YHz0.png",
      "group-title": "A1xmedia US Channels",
      "url": "https://a1xs.vip/300030"
    },
    {
      "name": "TBS",
      "tvg-id": "TBS.HD.us2",
      "tvg-logo": "https://external-content.duckduckgo.com/iu/?u=https://i.imgur.com/Ks8htcP.png",
      "group-title": "A1xmedia US Channels",
      "url": "https://a1xs.vip/300038"
    },
    {
      "name": "TeenNick FHD",
      "tvg-id": "Teen.Nick.us2",
      "tvg-logo": "https://external-content.duckduckgo.com/iu/?u=https://i.imgur.com/U3cZhfT.png",
      "group-title": "A1xmedia US Channels",
      "url": "https://a1xs.vip/300031"
    },
    {
      "name": "TNT FHD",
      "tvg-id": "TNT.HD.us2",
      "tvg-logo": "https://external-content.duckduckgo.com/iu/?u=https://i.imgur.com/Oa7yt2Z.png",
      "group-title": "A1xmedia US Channels",
      "url": "https://a1xs.vip/300001"
    },
    {
      "name": "truTV FHD",
      "tvg-id": "truTV.HD.us2",
      "tvg-logo": "https://external-content.duckduckgo.com/iu/?u=https://i.imgur.com/D9Ofkf5.png",
      "group-title": "A1xmedia US Channels",
      "url": "https://a1xs.vip/300002"
    },
    {
      "name": "USA Network FHD",
      "tvg-id": "USA.Network.HD.us2",
      "tvg-logo": "https://external-content.duckduckgo.com/iu/?u=https://i.imgur.com/ikf1r8R.png",
      "group-title": "A1xmedia US Channels",
      "url": "https://a1xs.vip/1100020"
    },
    {
      "name": "ACC Network HD",
      "tvg-id": "ACC.Network.us2",
      "tvg-logo": "https://github.com/tv-logo/tv-logos/blob/main/countries/united-states/acc-network-us.png?raw=true",
      "group-title": "A1xmedia US Sports",
      "url": "https://a1xs.vip/40000016"
    },
    {
      "name": "Altitude Sports",
      "tvg-id": "Sports.Dummy.us",
      "tvg-logo": "https://github.com/tv-logo/tv-logos/blob/main/countries/united-states/altitude-sports-us.png?raw=true",
      "group-title": "A1xmedia US Sports",
      "url": "https://a1xs.vip/40000048"
    },
    {
      "name": "Big Ten Network",
      "tvg-id": "Big.Ten.Network.HD.us2",
      "tvg-logo": "https://github.com/tv-logo/tv-logos/blob/main/countries/united-states/big-ten-network-us.png?raw=true",
      "group-title": "A1xmedia US Sports",
      "url": "https://a1xs.vip/40000047"
    },
    {
      "name": "CBS Sports Golazo Network",
      "tvg-id": "plex.tv.CBS.Sports.Golazo.Network.plex",
      "tvg-logo": "https://github.com/tv-logo/tv-logos/blob/main/countries/united-states/cbs-sports-golazo-network-us.png?raw=true",
      "group-title": "A1xmedia US Sports",
      "url": "https://a1xs.vip/4000009"
    },
    {
      "name": "CBS Sports HQ FHD",
      "tvg-id": "plex.tv.CBS.Sports.HQ.plex",
      "tvg-logo": "https://github.com/tv-logo/tv-logos/blob/main/countries/united-states/cbs-sports-hq-us.png?raw=true",
      "group-title": "A1xmedia US Sports",
      "url": "https://a1xs.vip/4000007"
    },
    {
      "name": "CBS Sports Network",
      "tvg-id": "CBS.Sports.Network.HD.us2",
      "tvg-logo": "https://github.com/tv-logo/tv-logos/blob/main/countries/united-states/cbs-sports-network-us.png?raw=true",
      "group-title": "A1xmedia US Sports",
      "url": "https://a1xs.vip/4000008"
    },
    {
      "name": "Chicago Sports Network",
      "tvg-id": "CHSN.Chicago.Sports.Network.us2",
      "tvg-logo": "https://external-content.duckduckgo.com/iu/?u=https://i.imgur.com/wJvwsKH.png",
      "group-title": "A1xmedia US Sports",
      "url": "https://a1xs.vip/4000049"
    },
    {
      "name": "ESPN HD",
      "tvg-id": "ESPN.HD.us2",
      "tvg-logo": "https://github.com/tv-logo/tv-logos/blob/main/countries/united-states/espn-icon-us.png?raw=true",
      "group-title": "A1xmedia US Sports",
      "url": "https://a1xs.vip/40000011"
    },
    {
      "name": "ESPN News HD",
      "tvg-id": "ESPNEWS.HD.us2",
      "tvg-logo": "https://github.com/tv-logo/tv-logos/blob/main/countries/united-states/espnews-us.png?raw=true",
      "group-title": "A1xmedia US Sports",
      "url": "https://a1xs.vip/40000014"
    },
    {
      "name": "ESPN2 HD",
      "tvg-id": "ESPN2.HD.us2",
      "tvg-logo": "https://github.com/tv-logo/tv-logos/blob/main/countries/united-states/espn-2-us.png?raw=true",
      "group-title": "A1xmedia US Sports",
      "url": "https://a1xs.vip/40000012"
    },
    {
      "name": "ESPNU HD",
      "tvg-id": "ESPNU.HD.us2",
      "tvg-logo": "https://github.com/tv-logo/tv-logos/blob/main/countries/united-states/espn-u-us.png?raw=true",
      "group-title": "A1xmedia US Sports",
      "url": "https://a1xs.vip/40000013"
    },
    {
      "name": "FanDuel Sports Florida",
      "tvg-id": "FanDuel.Sports.Network.Florida.24/7.(Rays,.Marlins,.Panthers).us",
      "tvg-logo": "https://github.com/tv-logo/tv-logos/blob/main/countries/united-states/bally-sports-florida-us.png?raw=true",
      "group-title": "A1xmedia US Sports",
      "url": "https://a1xs.vip/4000050"
    },
    {
      "name": "FanDuel Sports Great Lakes",
      "tvg-id": "Fox.Sports.Alternate.HDTV.Feed.DirecTV.us",
      "tvg-logo": "https://github.com/tv-logo/tv-logos/blob/main/countries/united-states/bally-sports-great-lakes-us.png?raw=true",
      "group-title": "A1xmedia US Sports",
      "url": "https://a1xs.vip/4000055"
    },
    {
      "name": "FanDuel Sports Midwest",
      "tvg-id": "FanDuel.Sports.Network.Midwest.24/7.HDTV.(Kansas.City).us",
      "tvg-logo": "https://github.com/tv-logo/tv-logos/blob/main/countries/united-states/bally-sports-midwest-us.png?raw=true",
      "group-title": "A1xmedia US Sports",
      "url": "https://a1xs.vip/4000054"
    },
    {
      "name": "FanDuel Sports North",
      "tvg-id": "FanDuel.Sports.Network.North.HDTV.us",
      "tvg-logo": "https://github.com/tv-logo/tv-logos/blob/main/countries/united-states/bally-sports-north-us.png?raw=true",
      "group-title": "A1xmedia US Sports",
      "url": "https://a1xs.vip/4000057"
    },
    {
      "name": "FanDuel Sports South",
      "tvg-id": "FanDuel.Sports.Network.South.(Atlanta.DMA).24/7.HDTV.us",
      "tvg-logo": "https://github.com/tv-logo/tv-logos/blob/main/countries/united-states/bally-sports-south-us.png?raw=true",
      "group-title": "A1xmedia US Sports",
      "url": "https://a1xs.vip/4000053"
    },
    {
      "name": "FanDuel Sports Sun",
      "tvg-id": "FanDuel.Sports.Network.Sun.South.24/7.HDTV.(South.Marlins,.Rays,.Heat).us",
      "tvg-logo": "https://github.com/tv-logo/tv-logos/blob/main/countries/united-states/bally-sports-sun-us.png?raw=true",
      "group-title": "A1xmedia US Sports",
      "url": "https://a1xs.vip/4000051"
    },
    {
      "name": "FanDuel Sports West",
      "tvg-id": "FanDuel.Sports.Network.West.HDTV.us",
      "tvg-logo": "https://github.com/tv-logo/tv-logos/blob/main/countries/united-states/bally-sports-west-us.png?raw=true",
      "group-title": "A1xmedia US Sports",
      "url": "https://a1xs.vip/4000052"
    },
    {
      "name": "FanDuel Sports Wisconsin",
      "tvg-id": "FanDuel.Sports.Network.Wisconsin.24/7.HDTV.us",
      "tvg-logo": "https://github.com/tv-logo/tv-logos/blob/main/countries/united-states/bally-sports-wisconsin-us.png?raw=true",
      "group-title": "A1xmedia US Sports",
      "url": "https://a1xs.vip/4000056"
    },
    {
      "name": "FanDuel TV",
      "tvg-id": "FanDuel.TV.us",
      "tvg-logo": "https://github.com/tv-logo/tv-logos/blob/main/countries/united-states/bally-sports-us.png?raw=true",
      "group-title": "A1xmedia US Sports",
      "url": "https://a1xs.vip/40000046"
    },
    {
      "name": "FS1 HD",
      "tvg-id": "FS1.HD.us2",
      "tvg-logo": "https://github.com/tv-logo/tv-logos/blob/main/countries/united-states/fox-sports-1-us.png?raw=true",
      "group-title": "A1xmedia US Sports",
      "url": "https://a1xs.vip/40000021"
    },
    {
      "name": "FS2 HD",
      "tvg-id": "FS2.HD.us2",
      "tvg-logo": "https://github.com/tv-logo/tv-logos/blob/main/countries/united-states/fox-sports-2-us.png?raw=true",
      "group-title": "A1xmedia US Sports",
      "url": "https://a1xs.vip/40000022"
    },
    {
      "name": "Golf Channel USA FHD",
      "tvg-id": "Golf.Channel.HD.us2",
      "tvg-logo": "https://github.com/tv-logo/tv-logos/blob/main/countries/united-states/nbc-golf-channel-us.png?raw=true",
      "group-title": "A1xmedia US Sports",
      "url": "https://a1xs.vip/40000060"
    },
    {
      "name": "Marquee Sports Network",
      "tvg-id": "Marquee.Sports.Network.HD.us2",
      "tvg-logo": "https://github.com/tv-logo/tv-logos/blob/main/countries/united-states/marquee-sports-network-us.png?raw=true",
      "group-title": "A1xmedia US Sports",
      "url": "https://a1xs.vip/4000010"
    },
    {
      "name": "MLB Network",
      "tvg-id": "MLB.Network.HD.us2",
      "tvg-logo": "https://github.com/tv-logo/tv-logos/blob/main/countries/united-states/mlb-network-us.png?raw=true",
      "group-title": "A1xmedia US Sports",
      "url": "https://a1xs.vip/40000030"
    },
    {
      "name": "MSG FHD",
      "tvg-id": "MSG.National.us2",
      "tvg-logo": "https://i.postimg.cc/W1jFdzt4/MSG-Network-logo.png",
      "group-title": "A1xmedia US Sports",
      "url": "https://a1xs.vip/4000001"
    },
    {
      "name": "MSG_PLUS FHD",
      "tvg-id": "MSG.Plus.us2",
      "tvg-logo": "https://i.postimg.cc/W1jFdzt4/MSG-Network-logo.png",
      "group-title": "A1xmedia US Sports",
      "url": "https://a1xs.vip/4000002"
    },
    {
      "name": "NBA TV",
      "tvg-id": "NBA.TV.HD.us2",
      "tvg-logo": "https://github.com/tv-logo/tv-logos/blob/main/countries/united-states/nba-tv-us.png?raw=true",
      "group-title": "A1xmedia US Sports",
      "url": "https://a1xs.vip/40000031"
    },
    {
      "name": "NBC Sports Bay Area",
      "tvg-id": "NBC.Sports.Bay.Area.HD.us2",
      "tvg-logo": "https://external-content.duckduckgo.com/iu/?u=https://i.imgur.com/lxdcjBQ.png",
      "group-title": "A1xmedia US Sports",
      "url": "https://a1xs.vip/400050"
    },
    {
      "name": "NBC Sports Philadelphia",
      "tvg-id": "NBC.Sports.Philadelphia.HD.us2",
      "tvg-logo": "https://external-content.duckduckgo.com/iu/?u=https://i.imgur.com/ClsPpm6.png",
      "group-title": "A1xmedia US Sports",
      "url": "https://a1xs.vip/400051"
    },
    {
      "name": "NESN FHD",
      "tvg-id": "New.England.Sports.Network.HD.us2",
      "tvg-logo": "https://i.postimg.cc/CxVDbJrS/nesn.png",
      "group-title": "A1xmedia US Sports",
      "url": "https://a1xs.vip/4000004"
    },
    {
      "name": "NESN UHD",
      "tvg-id": "New.England.Sports.Network.HD.us2",
      "tvg-logo": "https://i.postimg.cc/CxVDbJrS/nesn.png",
      "group-title": "A1xmedia US Sports",
      "url": "https://a1xs.vip/4000080"
    },
    {
      "name": "NFL Network",
      "tvg-id": "NFL.Network.HD.us2",
      "tvg-logo": "https://github.com/tv-logo/tv-logos/blob/main/countries/united-states/nfl-network-us.png?raw=true",
      "group-title": "A1xmedia US Sports",
      "url": "https://a1xs.vip/40000032"
    },
    {
      "name": "NFL RedZone",
      "tvg-id": "NFL.RedZone.HD.us2",
      "tvg-logo": "https://github.com/tv-logo/tv-logos/blob/main/countries/united-states/nfl-red-zone-hz-us.png?raw=true",
      "group-title": "A1xmedia US Sports",
      "url": "https://a1xs.vip/40000033"
    },
    {
      "name": "NHL Network",
      "tvg-id": "NHL.Network.HD.us2",
      "tvg-logo": "https://github.com/tv-logo/tv-logos/blob/main/countries/united-states/nhl-network-us.png?raw=true",
      "group-title": "A1xmedia US Sports",
      "url": "https://a1xs.vip/40000034"
    },
    {
      "name": "SEC Network HD",
      "tvg-id": "SEC.Network.HD.us2",
      "tvg-logo": "https://github.com/tv-logo/tv-logos/blob/main/countries/united-states/sec-network-hz-us.png?raw=true",
      "group-title": "A1xmedia US Sports",
      "url": "https://a1xs.vip/40000015"
    },
    {
      "name": "Spectrum Sportsnet FHD",
      "tvg-id": "Sports.Dummy.us",
      "tvg-logo": "https://i.postimg.cc/ZRChbGNc/spectrum-sportsnet.png",
      "group-title": "A1xmedia US Sports",
      "url": "https://a1xs.vip/4000006"
    },
    {
      "name": "Spectrum Sportsnet LA Dodgers",
      "tvg-id": "Spectrum.SportsNet.LA.Dodgers.HD.us2",
      "tvg-logo": "https://github.com/tv-logo/tv-logos/blob/main/countries/united-states/spectrum-sportsnet-la-us.png?raw=true",
      "group-title": "A1xmedia US Sports",
      "url": "https://a1xs.vip/400052"
    },
    {
      "name": "Spectrum Sportsnet Lakers",
      "tvg-id": "Spectrum.SportsNet.Lakers.HD.us2",
      "tvg-logo": "https://github.com/tv-logo/tv-logos/blob/main/misc/sports/basketball/los-angeles-lakers.png?raw=true",
      "group-title": "A1xmedia US Sports",
      "url": "https://a1xs.vip/400053"
    },
    {
      "name": "SportsNet NY FHD",
      "tvg-id": "SNY.SportsNet.New.York.HD.us2",
      "tvg-logo": "https://github.com/tv-logo/tv-logos/blob/main/countries/united-states/sny-us.png?raw=true",
      "group-title": "A1xmedia US Sports",
      "url": "https://a1xs.vip/40000045"
    },
    {
      "name": "Tennis Channel FHD",
      "tvg-id": "Tennis.Channel.HD.us2",
      "tvg-logo": "https://github.com/tv-logo/tv-logos/blob/main/countries/united-states/tennis-channel-hz-us.png?raw=true",
      "group-title": "A1xmedia US Sports",
      "url": "https://a1xs.vip/40000040"
    },
    {
      "name": "Tennis Channel Plus FHD",
      "tvg-id": "Tennis.Channel.HD.us2",
      "tvg-logo": "https://github.com/tv-logo/tv-logos/blob/main/countries/united-states/tennis-channel-us.png?raw=true",
      "group-title": "A1xmedia US Sports",
      "url": "https://a1xs.vip/40000041"
    },
    {
      "name": "Willow Cricket FHD",
      "tvg-id": "Willow.Cricket.HD.us2",
      "tvg-logo": "https://github.com/tv-logo/tv-logos/blob/main/countries/united-states/willow-us.png?raw=true",
      "group-title": "A1xmedia US Sports",
      "url": "https://a1xs.vip/40000042"
    },
    {
      "name": "Willow Cricket Xtra",
      "tvg-id": "Willow.Xtra.us2",
      "tvg-logo": "https://github.com/tv-logo/tv-logos/blob/main/countries/united-states/willow-xtra-us.png?raw=true",
      "group-title": "A1xmedia US Sports",
      "url": "https://a1xs.vip/40000043"
    },
    {
      "name": "Star Sports Select 1 FHD",
      "tvg-id": "Star.Sports.Select.1.in",
      "tvg-logo": "https://external-content.duckduckgo.com/iu/?u=https://i.imgur.com/VFyADIN.png",
      "group-title": "A1xmedia World Sports",
      "url": "https://a1xs.vip/8000011"
    },
    {
      "name": "Star Sports Select 2 FHD",
      "tvg-id": "Star.Sports.Select.2.in",
      "tvg-logo": "https://external-content.duckduckgo.com/iu/?u=https://i.imgur.com/6u2iOjA.png",
      "group-title": "A1xmedia World Sports",
      "url": "https://a1xs.vip/8000012"
    }
  ]
}